Condition,Investor,Duration,Direction,Threshold,IS_Return,OOS_Return,IS_WinRate,OOS_WinRate,IS_Signals,OOS_Signals,Maintained
개인 1D BUY +0.0%,개인,1,BUY,0.0,3.9951535228395083,8.771069040942612,47.666335650446875,53.355704697986575,1007,298,True
개인 1D BUY +0.5%,개인,1,BUY,0.5,3.9951535228395083,8.771069040942612,47.666335650446875,53.355704697986575,1007,298,True
개인 1D BUY +1.0%,개인,1,BUY,1.0,3.9951535228395083,8.771069040942612,47.666335650446875,53.355704697986575,1007,298,True
개인 1D BUY +1.5%,개인,1,BUY,1.5,3.9951535228395083,8.771069040942612,47.666335650446875,53.355704697986575,1007,298,True
개인 1D BUY +2.0%,개인,1,BUY,2.0,3.9951535228395083,8.771069040942612,47.666335650446875,53.355704697986575,1007,298,True
