Period,Investor,Duration,Threshold,Direction,Signal_Count,Avg_Return_10D,Avg_Return_20D,Win_Rate_10D,Win_Rate_20D,Median_Return_20D,Std_Return_20D,Composite_Score
IS,개인,1,0.0,BUY,1007,2.471812752786217,3.9951535228395083,47.368421052631575,47.666335650446875,-1.076923076923075,25.362979865355527,13.169911530701023
IS,개인,1,0.5,BUY,1007,2.471812752786217,3.9951535228395083,47.368421052631575,47.666335650446875,-1.076923076923075,25.362979865355527,13.169911530701023
IS,개인,1,1.0,BUY,1007,2.471812752786217,3.9951535228395083,47.368421052631575,47.666335650446875,-1.076923076923075,25.362979865355527,13.169911530701023
IS,개인,1,1.5,BUY,1007,2.471812752786217,3.9951535228395083,47.368421052631575,47.666335650446875,-1.076923076923075,25.362979865355527,13.169911530701023
IS,개인,1,2.0,BUY,1007,2.471812752786217,3.9951535228395083,47.368421052631575,47.666335650446875,-1.076923076923075,25.362979865355527,13.169911530701023
